Lunes,Martes,Miercoles,Jueves,Viernes,Sabado,Domingo
9.360000000000000000e+03,1.066000000000000000e+04,1.062500000000000000e+04,1.120000000000000000e+04,1.066500000000000000e+04,1.062400000000000000e+04,1.108800000000000000e+04
8.580000000000000000e+03,9.430000000000000000e+03,1.003000000000000000e+04,9.600000000000000000e+03,9.638000000000000000e+03,9.877000000000000000e+03,1.016400000000000000e+04
1.170000000000000000e+04,1.271000000000000000e+04,1.360000000000000000e+04,1.264000000000000000e+04,1.279800000000000000e+04,1.319700000000000000e+04,1.352400000000000000e+04
